1/Jacob/123/MC1231231/893024er342/123123123/Jacob@gmail.com/1977877/3/false
2/Mark/12583/MC1291231/893024e2345r342/123123123/Mark@gmail.com/61000/3/false
3/Frank/1238/MC1276231/893024er346326/1396586723/Frank@gmail.com/6000/1/false
4/James/12233/MC1471231/8930254er342/1586783123/James@gmail.com/7000/1/false
5/John/12983/MC1113445/8933454er342/12312315672/John@gmail.com/6000/2/false
6/Ilon/123/MP1241412412/12314124/1251243124/Ilon@gmail.com/5000/2/false
7/Ilon/123/MP1241412412/12314124/1251243124/Ilon@gmail.com/37000/2/false
